specimen	min_ma	max_ma
t132_1	26.9796604345737	37.1019397654263
t133_1	42.4041411345737	52.5264204654263
