specimen	min_ma	max_ma
t874_1	1.1156171	3.3468513
t1228_1	11.1887158735767	22.6436013264233
t1245_1	12.3858558735767	23.8407413264233
