specimen	min_ma	max_ma
t513_1	8.40199073621056	19.3234604637894
t274_1	19.5950302362106	30.5164999637894
t1312_1	2.17210045	6.51630135
