specimen	min_ma	max_ma
t939_1	33.5627463309276	48.5512644690724
t1093_1	65.6868553309276	80.6753734690724
t1708_1	13.2001782309276	28.1886963690724
